report_year,agency_code,agency_jurisdiction,population,violent_crimes,homicides,rapes,assaults,robberies,crimes_percapita,homicides_percapita,rapes_percapita,assaults_percapita,robberies_percapita,agency_jurisdiction,,lat,lng2015,NM00101,"Albuquerque, NM",559721,5406,43,404,3273,1686,965.84,7.68,72.18,584.76,301.22,Albuquerque, NM,35.1053,-106.64642015,TX22001,"Arlington, TX",387565,1946,8,208,1201,529,502.11,2.06,53.67,309.88,136.49,Arlington, TX,32.6998,-97.1252015,GAAPD00,"Atlanta, GA",464710,5203,94,170,2944,1995,1119.62,20.23,36.58,633.51,429.3,Atlanta, GA,33.7627,-84.42242015,CO00101,"Aurora, CO",360237,1660,24,352,837,447,460.81,6.66,97.71,232.35,124.08,Aurora, CO,39.7087,-104.72732015,TX22701,"Austin, TX",938728,3497,23,487,2058,929,372.53,2.45,51.88,219.23,98.96,Austin, TX,30.3004,-97.75222015,MDBPD00,"Baltimore, MD",621252,9542,344,287,4598,4313,1535.93,55.37,46.2,740.12,694.24,Baltimore, MD,39.3051,-76.61442015,MA01301,"Boston, MA",665258,4702,38,240,2873,1551,706.79,5.71,36.08,431.86,233.14,Boston, MA,42.3188,-71.08462015,NY01401,"Buffalo, NY",258096,2887,41,173,1640,1033,1118.58,15.89,67.03,635.42,400.24,Buffalo, NY,42.9016,-78.84872015,NC06001,"Charlotte, NC",877817,5948,61,216,3724,1947,677.59,6.95,24.61,424.23,221.8,Charlotte, NC,35.208,-80.83042015,ILCPD00,"Chicago, IL",2728695,24663,478,1432,13104,9649,903.84,17.52,52.48,480.23,353.61,Chicago, IL,41.8373,-87.68622015,OHCIP00,"Cincinnati, OH",298478,2761,66,236,1196,1263,925.03,22.11,79.07,400.7,423.15,Cincinnati, OH,39.1413,-84.50612015,OHCLP00,"Cleveland, OH",388655,5205,63,495,1655,2992,1339.23,16.21,127.36,425.83,769.83,Cleveland, OH,41.4767,-81.68042015,OHCOP00,"Columbus, OH",847745,4631,77,806,1508,2240,546.27,9.08,95.08,177.88,264.23,Columbus, OH,39.9862,-82.9852015,TXDPD00,"Dallas, TX",1301977,9038,136,782,3943,4177,694.18,10.45,60.06,302.85,320.82,Dallas, TX,32.7936,-96.76622015,CODPD00,"Denver, CO",682418,4599,53,548,2768,1230,673.93,7.77,80.3,405.62,180.24,Denver, CO,39.7621,-104.87592015,MI82349,"Detroit, MI",673225,11846,295,530,7564,3457,1759.59,43.82,78.73,1123.55,513.5,Detroit, MI,42.3834,-83.10242015,TX07102,"El Paso, TX",686077,2515,17,322,1766,410,366.58,2.48,46.93,257.41,59.76,El Paso, TX,31.8479,-106.43092015,VA02901,"Fairfax County, VA",1101700,974,14,130,387,443,88.41,1.27,11.8,35.13,40.21,Fairfax County, VA,38.8531,-77.29982015,TX22012,"Fort Worth, TX",829731,4359,56,516,2806,981,525.35,6.75,62.19,338.18,118.23,Fort Worth, TX,32.7811,-97.34732015,CA01005,"Fresno, CA",520837,2871,39,167,1653,1012,551.23,7.49,32.06,317.37,194.3,Fresno, CA,36.7831,-119.79412015,HI00200,"Honolulu, HI",999307,2437,15,318,1208,896,243.87,1.5,31.82,120.88,89.66,Honolulu, HI,21.3294,-157.8462015,TXHPD00,"Houston, TX",2275221,21994,303,986,10427,10278,966.68,13.32,43.34,458.29,451.74,Houston, TX,29.7863,-95.38892015,INIPD00,"Indianapolis, IN",863675,11124,148,677,6497,3802,1287.98,17.14,78.39,752.25,440.21,Indianapolis, IN,39.7771,-86.14582015,FL01602,"Jacksonville, FL",867258,5622,97,471,3656,1398,648.25,11.18,54.31,421.56,161.2,Jacksonville, FL,30.3322,-81.67492015,MOKPD00,"Kansas City, MO",473373,6709,109,366,4531,1703,1417.28,23.03,77.32,957.17,359.76,Kansas City, MO,39.1239,-94.55412015,NV00201,"Las Vegas, NV",1562134,14383,127,1107,8139,5010,920.73,8.13,70.86,521.02,320.72,Las Vegas, NV,36.2333,-115.26542015,CA01941,"Long Beach, CA",476318,2766,36,177,1499,1054,580.7,7.56,37.16,314.71,221.28,Long Beach, CA,33.7981,-118.16752015,CA01942,"Los Angeles, CA",3962726,25156,282,2209,13713,8952,634.82,7.12,55.74,346.05,225.91,Los Angeles, CA,34.1139,-118.40682015,KY05680,"Louisville, KY",680550,4300,81,205,2469,1545,631.84,11.9,30.12,362.79,227.02,Louisville, KY,38.1663,-85.64852015,TNMPD00,"Memphis, TN",657936,11449,135,530,7653,3131,1740.14,20.52,80.55,1163.18,475.88,Memphis, TN,35.1046,-89.97732015,AZ00717,"Mesa, AZ",471034,1972,16,241,1307,408,418.65,3.4,51.16,277.47,86.62,Mesa, AZ,33.4017,-111.7182015,FL01306,"Miami, FL",437969,4473,75,80,2637,1681,1021.31,17.12,18.27,602.1,383.82,Miami, FL,25.7839,-80.21022015,WIMPD00,"Milwaukee, WI",600400,9583,145,436,5253,3749,1596.1,24.15,72.62,874.92,624.42,Milwaukee, WI,43.0642,-87.96732015,MN02711,"Minneapolis, MN",413479,4395,47,407,2045,1896,1062.93,11.37,98.43,494.58,458.55,Minneapolis, MN,44.9635,-93.26782015,MD01604,"Montgomery County, MD",1009176,1964,29,269,1060,606,194.61,2.87,26.66,105.04,60.05,Montgomery County, MD,39.1783,-77.19572015,TN01901,"Nashville, TN",658029,7245,72,507,4819,1847,1101.02,10.94,77.05,732.34,280.69,Nashville, TN,36.1715,-86.78432015,NY02900,"Nassau County, NY",1061175,1318,13,68,682,555,124.2,1.23,6.41,64.27,52.3,Nassau County, NY,42.514,-73.61082015,LANPD00,"New Orleans, LA",393447,3736,164,409,1666,1497,949.56,41.68,103.95,423.44,380.48,New Orleans, LA,30.0687,-89.92882015,NY03030,"New York City, NY",8550861,50088,352,2244,30546,16946,585.77,4.12,26.24,357.23,198.18,New York City, NY,40.6943,-73.92492015,NJNPD00,"Newark, NJ",279110,3072,107,104,1068,1793,1100.64,38.34,37.26,382.64,642.4,Newark, NJ,40.7245,-74.17252015,CA00109,"Oakland, CA",419481,6051,85,285,2391,3290,1442.5,20.26,67.94,569.99,784.3,Oakland, CA,37.3342,-119.64832015,OK05506,"Oklahoma City, OK",630621,4828,73,480,3083,1192,765.59,11.58,76.12,488.88,189.02,Oklahoma City, OK,35.4676,-97.51362015,NB02802,"Omaha, NE",452252,2329,48,174,1452,655,514.98,10.61,38.47,321.06,144.83,Omaha, NE,41.2627,-96.05222015,FL04804,"Orlando, FL",268438,2525,32,182,1789,522,940.63,11.92,67.8,666.45,194.46,Orlando, FL,28.4772,-81.33692015,PAPEP00,"Philadelphia, PA",1567810,16132,280,1322,7765,6765,1028.95,17.86,84.32,495.28,431.49,Philadelphia, PA,40.0077,-75.13392015,AZ00723,"Phoenix, AZ",1559744,9261,112,1016,5113,3020,593.75,7.18,65.14,327.81,193.62,Phoenix, AZ,33.5722,-112.08912015,PAPPD00,"Pittsburgh, PA",306870,2167,57,82,1170,858,706.16,18.57,26.72,381.27,279.6,Pittsburgh, PA,40.4396,-79.97622015,OR02602,"Portland, OR",615672,2911,26,262,1776,847,472.82,4.22,42.56,288.47,137.57,Portland, OR,45.5372,-122.652015,MD01721,"Prince George's County, MD",685191,3256,66,248,1583,1359,475.2,9.63,36.19,231.03,198.34,Prince George's County, MD,37.2209,-77.26832015,NC09201,"Raleigh, NC",438363,1676,17,108,873,678,382.33,3.88,24.64,199.15,154.67,Raleigh, NC,35.8325,-78.64352015,CA03404,"Sacramento, CA",489717,3611,43,105,2289,1174,737.36,8.78,21.44,467.41,239.73,Sacramento, CA,38.5667,-121.46832015,UT01803,"Salt Lake City, UT",191992,1642,8,291,874,469,855.24,4.17,151.57,455.23,244.28,Salt Lake City, UT,40.7777,-111.93062015,TXSPD00,"San Antonio, TX",1463586,8594,94,1049,5465,1986,587.19,6.42,71.67,373.4,135.69,San Antonio, TX,31.4424,-100.45062015,CA03711,"San Diego, CA",1400467,5582,37,566,3601,1378,398.58,2.64,40.42,257.13,98.4,San Diego, CA,32.8312,-117.12252015,CA03801,"San Francisco, CA",863782,6710,53,344,2703,3610,776.82,6.14,39.82,312.93,417.93,San Francisco, CA,37.7562,-122.4432015,CA04313,"San Jose, CA",1031458,3400,30,375,1855,1140,329.63,2.91,36.36,179.84,110.52,San Jose, CA,37.3019,-121.84862015,WASPD00,"Seattle, WA",683700,4093,23,144,2394,1532,598.65,3.36,21.06,350.15,224.07,Seattle, WA,47.6211,-122.32442015,MOSPD00,"St. Louis, MO",317095,5762,188,263,3521,1790,1817.12,59.29,82.94,1110.39,564.5,St. Louis, MO,38.6358,-90.24512015,FL02902,"Tampa, FL",364383,2298,34,77,1516,671,630.66,9.33,21.13,416.05,184.15,Tampa, FL,27.9942,-82.44512015,AZ01003,"Tucson, AZ",529675,3472,31,422,1960,1059,655.5,5.85,79.67,370.04,199.93,Tucson, AZ,32.1545,-110.87822015,OK07205,"Tulsa, OK",401520,3628,55,365,2354,854,903.57,13.7,90.9,586.27,212.69,Tulsa, OK,36.1284,-95.90422015,VA12800,"Virginia Beach, VA",452797,626,19,103,234,270,138.25,4.2,22.75,51.68,59.63,Virginia Beach, VA,36.7335,-76.04352015,DCMPD00,"Washington, DC",672228,8084,162,494,4024,3404,1202.57,24.1,73.49,598.61,506.38,Washington, DC,38.9047,-77.01632015,KS08703,"Wichita, KS",389824,3839,27,349,2730,733,984.8,6.93,89.53,700.32,188.03,Wichita, KS,37.6896,-97.3442